Year,Afghanistan,Albania,Algeria,Andorra,Angola,Anguilla,Antarctica,Antigua and Barbuda,Argentina,Armenia,Aruba,Australia,Austria,Azerbaijan,Bahamas,Bahrain,Bangladesh,Barbados,Belarus,Belgium,Belize,Benin,Bermuda,Bhutan,Bolivia,Bonaire Sint Eustatius and Saba,Bosnia and Herzegovina,Botswana,Brazil,British Virgin Islands,Brunei,Bulgaria,Burkina Faso,Burundi,Cambodia,Cameroon,Canada,Cape Verde,Central African Republic,Chad,Chile,China,Christmas Island,Colombia,Comoros,Congo,Cook Islands,Costa Rica,Cote d'Ivoire,Croatia,Cuba,Curacao,Cyprus,Czechia,Democratic Republic of Congo,Denmark,Djibouti,Dominica,Dominican Republic,East Timor,Ecuador,Egypt,El Salvador,Equatorial Guinea,Eritrea,Estonia,Eswatini,Ethiopia,Faroe Islands,Fiji,Finland,France,French Polynesia,Gabon,Gambia,Georgia,Germany,Ghana,Greece,Greenland,Grenada,Guatemala,Guinea,Guinea-Bissau,Guyana,Haiti,Honduras,Hong Kong,Hungary,Iceland,India,Indonesia,Iran,Iraq,Ireland,Israel,Italy,Jamaica,Japan,Jordan,Kazakhstan,Kenya,Kiribati,Kuwait,Kyrgyzstan,Laos,Latvia,Lebanon,Lesotho,Liberia,Libya,Liechtenstein,Lithuania,Luxembourg,Macao,Madagascar,Malawi,Malaysia,Maldives,Mali,Malta,Marshall Islands,Mauritania,Mauritius,Mexico,Micronesia (country),Moldova,Mongolia,Montenegro,Montserrat,Morocco,Mozambique,Myanmar,Namibia,Nauru,Nepal,Netherlands,New Caledonia,New Zealand,Nicaragua,Niger,Nigeria,Niue,North Korea,North Macedonia,Norway,Oman,Pakistan,Palau,Palestine,Panama,Papua New Guinea,Paraguay,Peru,Philippines,Poland,Portugal,Qatar,Romania,Russia,Rwanda,Saint Helena,Saint Kitts and Nevis,Saint Lucia,Saint Pierre and Miquelon,Saint Vincent and the Grenadines,Samoa,Sao Tome and Principe,Saudi Arabia,Senegal,Serbia,Seychelles,Sierra Leone,Singapore,Sint Maarten (Dutch part),Slovakia,Slovenia,Solomon Islands,Somalia,South Africa,South Korea,South Sudan,Spain,Sri Lanka,Sudan,Suriname,Sweden,Switzerland,Syria,Taiwan,Tajikistan,Tanzania,Thailand,Togo,Tonga,Trinidad and Tobago,Tunisia,Turkey,Turkmenistan,Turks and Caicos Islands,Tuvalu,Uganda,Ukraine,United Arab Emirates,United Kingdom,United States,Uruguay,Uzbekistan,Vanuatu,Venezuela,Vietnam,Wallis and Futuna,Yemen,Zambia,Zimbabwe
1990,2.02,5.52,75.89,0.4,5.09,0.04,0.01,0.24,112.19,9,0.49,278.06,62.19,51.34,2.02,11.49,14.08,1.04,108.46,120.33,0.31,0.58,0.5,0.19,10.02,0.09,19.87,2.7,218.66,0.07,5.01,76.64,0.59,0.21,1.26,2.6,458.02,0.18,0.18,0.38,32.91,2483.53,,56.86,0.06,1.01,0.04,2.91,4.78,22.89,29.64,4.8,4.65,164.25,4.25,53.48,0.3,0.06,8.93,,16.5,72.88,2.47,0.06,,36.91,0.96,2.99,0.7,0.8,56.92,394.9,0.52,4.49,0.2,14.85,1054.8,3.51,83.44,0.62,0.11,4.66,0.97,0.1,1.13,0.99,2.5,27.15,73.43,2.22,577.99,154.99,211.07,49.68,32.95,35.82,438.21,7.53,1154.85,10.59,267.4,5.79,0.02,37.86,19.2,0.51,19.66,7.87,1.47,0.46,36.51,0.2,35.74,11.81,0.9,0.94,0.74,54.27,0.17,0.42,2.43,,0.85,1.46,316.75,,36.51,9.79,2.21,0.03,22.3,1.02,4.24,,0.13,0.72,163.03,1.58,25.49,2.04,0.6,38.79,0.01,118.38,11.1,35.01,11.29,67.83,0.23,0.86,2.62,2.15,2.13,21.4,40.77,376.34,45.31,11.43,176.53,2536.28,0.52,0.01,0.11,0.18,0.09,0.08,0.09,0.05,181.97,2.93,57.54,0.15,0.5,43.54,0.53,61.53,15.1,0.15,0.78,312.93,250.51,0.42,229.38,3.8,4.78,1.74,57.42,44.15,37.27,124.26,12.31,2.11,86.56,0.98,0.08,16.98,14.62,154.57,33.36,0.06,0,0.76,706.53,51.91,601.95,5131.76,3.98,103.12,0.07,120.86,21.3,0.02,9.57,2.41,15.54
1991,1.91,4.29,77.98,0.4,5.06,0.04,0.01,0.25,117.73,7.38,0.53,279.44,65.79,50.07,2,11.33,14.75,1.18,104.19,123.4,0.41,0.62,0.54,0.19,10.51,0.07,14.06,2.63,229.39,0.07,6.83,61.52,0.64,0.24,1.3,2.67,449.78,0.17,0.19,0.39,30.89,2619.14,,56.61,0.07,1.08,0.04,3.28,4.31,17,26.96,3.83,5.14,148.89,3.13,64.11,0.3,0.06,9.53,,16.2,74.45,3.15,0.07,,34.13,0.87,2.96,0.66,0.66,55.2,419.12,0.53,4.52,0.2,14.6,1016.93,3.9,83.41,0.61,0.11,4.76,0.99,0.1,1.11,0.97,2.53,28.46,69.83,2.1,615.39,174.75,223.04,45.51,33.67,36.15,437.74,7.75,1166.55,9.99,260.42,4.8,0.02,492.98,15.9,0.55,17.92,8.12,1.53,0.38,42.62,0.21,37.82,12.42,0.97,1.02,0.79,65.78,0.15,0.43,2.27,,0.87,1.52,329.83,,29.62,11.96,1.56,0.03,23.69,0.94,4.14,1.04,0.13,1.03,171.47,1.76,26.17,1.98,0.57,41.84,0.01,112.82,7.79,33.47,11.66,67.48,0.23,0.88,3.09,2.17,2.1,20.76,42.87,373.37,46.88,17.41,142.26,2407.64,0.47,0.01,0.11,0.19,0.1,0.08,0.1,0.05,244.53,3.11,40.58,0.17,0.56,44.23,0.43,53.33,13.98,0.15,0.71,326.03,275.69,0.39,239.29,4.11,4.48,2.02,57.66,46.13,42.42,133.63,10.02,2.25,95.05,1.05,0.09,16.96,16.75,161.13,30.44,0.06,0,0.78,633.19,56.9,609.41,5076.41,4.54,102.32,0.07,114.22,21.38,0.02,9.18,2.38,15.49
1992,1.48,2.52,79.28,0.4,5.16,0.05,0.01,0.25,121.51,5.72,0.54,284.43,60.29,56.17,1.87,10.4,15.39,1.16,93.6,122.52,0.35,0.67,0.46,0.21,11.03,0.06,15.03,2.78,233.6,0.08,6.67,57.36,0.63,0.22,1.35,2.71,463.39,0.18,0.19,0.4,32,2731.29,,61.34,0.07,1.29,0.04,3.73,3.84,16.38,20.75,3.15,5.51,145.71,2.81,58.33,0.3,0.06,10.4,,22,77.42,3.31,0.07,,24.41,0.83,2.94,0.65,0.73,54.27,408.43,0.5,4.92,0.2,14.13,969.46,3.24,84.97,0.59,0.12,5.79,1.01,0.1,1.04,0.89,2.8,32.92,62.28,2.25,655.42,199.3,228.19,59.02,33.5,42.08,437.94,7.71,1175.45,12.19,233.52,5.5,0.03,29.68,11.04,0.59,14.19,9.73,1.59,0.39,37.02,0.21,21.17,12.19,0.98,1,0.79,72.96,0.23,0.46,2.29,0.08,0.91,1.71,332.45,0.14,20.98,10.94,1.67,0.03,24.74,1.03,4.84,1.14,0.12,1.23,171.28,1.57,28.15,2.37,0.52,46.16,0.01,97.98,8.39,34.4,11.96,72.02,0.19,0.91,4.1,2.19,2.57,20.99,47.77,364.28,50.96,26.82,132,1963.46,0.48,0.01,0.11,0.21,0.1,0.08,0.1,0.05,276.01,3.17,43.64,0.17,0.28,47.44,0.35,48.93,13.89,0.16,0.67,301.33,299.9,0.35,247.69,5.04,4,2.03,57.51,46.02,42.8,142.43,7.33,2.18,105.51,1.03,0.07,19.1,15.84,167.23,31.99,0.06,0,0.8,589.5,58.01,593.85,5178.77,5.15,110.99,0.06,104.74,21.47,0.02,9.93,2.42,16.7
1993,1.49,2.34,81.31,0.41,5.75,0.06,0.01,0.26,118.02,2.51,0.65,288.78,60.71,48.41,1.74,16.75,16.07,0.94,80.67,121.45,0.38,0.81,0.54,0.18,11.56,0.09,12.58,3.19,244.31,0.08,5.85,58.39,0.63,0.23,1.39,2.87,464.07,0.17,0.2,0.4,34.1,2914.28,,63.26,0.07,1.16,0.04,3.88,5.09,16.81,19.79,4.87,5.75,140.13,2.66,60.57,0.3,0.06,11.2,,24.12,90.83,3.97,0.07,,19.43,0.71,2.99,0.58,0.73,56.32,388.89,0.52,4.97,0.21,9.88,959.39,3.82,84.28,0.55,0.13,5.57,1.04,0.1,1.04,0.68,2.94,34.78,62.99,2.4,677.26,214.96,236.99,63.26,33.72,44.23,430.27,8,1169.33,12.01,207.56,6.31,0.03,49.16,8.47,0.61,11.92,10.36,1.63,0.42,38.71,0.21,16.32,12.34,1.1,1.03,0.88,86.61,0.19,0.5,2.89,0.08,0.93,1.77,337.72,0.14,15.85,9.19,1.46,0.03,26.78,1.14,5.3,1.37,0.11,1.4,171.19,1.83,27.75,2.28,0.6,44.7,0.01,89.58,7.6,35.95,13.29,77.18,0.19,0.93,3.75,2.19,2.9,23.89,48.34,364.96,49.47,30.72,122.71,1866.53,0.48,0.01,0.11,0.23,0.07,0.1,0.11,0.05,297.75,3.29,38,0.18,0.26,49.66,0.54,46.39,14.25,0.17,0.63,320.35,330.17,0.24,239.1,4.91,2.75,2.04,57.52,43.61,45.52,154.05,5.15,2.43,121.86,1.07,0.08,17.41,17.18,174.29,27.52,0.07,0.01,0.8,510.5,65.83,579.61,5279.52,4.45,115.62,0.06,123.05,22.85,0.02,8.68,2.47,16.03
1994,1.45,1.92,87.85,0.4,11.35,0.06,0.01,0.27,118.51,2.69,0.66,293.61,61.08,41.95,1.77,14.35,17.55,0.94,67.99,124.83,0.37,0.91,0.53,0.21,9.65,0.09,3.21,3.03,254,0.09,5.29,56.38,0.66,0.23,1.43,4.88,478.47,0.18,0.21,0.42,37.98,3093.89,0,66.98,0.07,3.38,0.04,5.19,4.13,16.05,21.43,4.67,6,132.67,2.75,64.67,0.3,0.07,11.78,0,14.34,87.48,4.5,1.15,0.71,20.04,1.08,2.2,0.57,0.72,61.74,381.9,0.54,4.54,0.21,5.9,943.23,4.54,86.43,0.49,0.14,6.64,1.08,0.1,1.46,0.18,3.23,31.08,61.88,2.35,714.04,219.2,264.82,76.57,34.84,47.48,424.51,8.19,1223.16,13.52,174.67,6.52,0.03,57.27,6.14,0.63,10.37,11.11,1.67,0.41,51.36,0.2,15.77,11.52,1.18,1.15,0.9,87.5,0.2,0.55,2.66,0.08,0.96,1.62,351.53,0.15,12.43,7.87,1.42,0.03,28.12,1.1,6.17,1.56,0.11,1.62,171.95,1.98,27.89,2.51,0.58,80.36,0.01,81.58,7.9,37.86,17.47,84.02,0.2,0.96,4.14,2.19,3.39,24.18,53.48,359.99,50.24,32.38,120.87,1646.88,0.46,0.01,0.12,0.26,0.07,0.12,0.1,0.05,291.21,3.64,36.97,0.2,0.28,60.09,0.52,43.8,14.64,0.18,0.62,338.7,355.69,0.33,251.39,5.34,3.84,2.04,60,42.67,45.96,161.56,2.35,2.06,136.87,1.01,0.09,15.34,16.76,170.59,34.22,0.07,0,0.71,419.63,75.35,574.02,5361.86,4.04,109.79,0.06,119.06,27.36,0.02,9.96,2.39,17.38
1995,1.42,2.09,95.91,0.42,12.62,0.06,0,0.27,125.42,3.36,0.71,304.96,64.06,33.31,1.84,14.74,21.06,1.02,61.02,125.97,0.38,0.96,0.53,0.25,9.03,0.09,3.41,3.04,268.68,0.09,5.88,57.92,0.66,0.24,1.5,5.38,491.31,0.2,0.21,0.43,41.56,3351.2,0,59.35,0.08,3.23,0.04,4.79,6.22,16.81,22.87,4.62,5.87,131.62,3.1,61.65,0.31,0.08,15.09,0,23.53,97.97,4.99,1.22,0.79,18.05,1.06,2.51,0.57,0.74,58.12,386.96,0.52,5.22,0.22,2.27,939.93,4.62,86.96,0.53,0.15,7.08,1.12,0.1,1.56,0.88,3.84,31.27,61.46,2.47,760.48,222.22,270.88,79.84,35.85,49.87,448.6,9.17,1235.87,13.45,168.47,7.51,0.03,56.26,4.51,0.67,9.13,12.26,1.71,0.42,54.6,0.2,15.06,9.13,1.13,1.19,0.9,109.59,0.25,0.59,2.45,0.09,1.01,1.83,330.9,0.18,11.4,7.84,1.5,0.03,28.75,1.13,6.89,1.62,0.11,2.31,173.48,2.07,27.99,2.75,0.56,84.23,0,76.08,7.92,38.47,18.82,83.61,0.19,0.94,3.61,2.05,3.92,25.14,59.22,362.48,54.5,33.17,125.67,1618.29,0.45,0.01,0.13,0.28,0.07,0.13,0.11,0.05,274.6,2.99,39.05,0.2,0.22,40.55,0.51,44.19,15.36,0.19,0.58,361.71,383.67,0.34,265.07,5.72,3.96,2.06,59.49,43.41,46.39,170.06,2.44,2.43,153.65,1.18,0.1,14.72,16.62,184.68,34.57,0.07,0,0.93,390.17,72.87,566.16,5425.84,4.57,104.8,0.07,124.83,30.09,0.02,11.14,2.14,15.02
1996,1.37,2.02,99.56,0.45,15.25,0.06,0,0.29,131.45,2.5,0.72,311.85,67.41,31.24,1.81,15.94,21.51,1.05,61.84,129.5,0.31,1.18,0.53,0.3,10.03,0.08,4.24,2.75,289.31,0.1,5.96,58.46,0.73,0.24,1.52,5.97,507.77,0.22,0.21,0.44,48.23,3499.31,0,59.63,0.08,4.04,0.05,4.67,7.53,17.34,23.3,4.32,6.22,135.02,3.47,74.9,0.3,0.07,16.46,0,25.34,97.04,4.4,1.36,0.86,19.03,0.79,2.79,0.6,0.79,64.04,403.35,0.52,5.89,0.22,4.05,959.69,4.86,89.11,0.6,0.15,6.54,1.18,0.1,1.66,1.02,3.88,28.91,63.08,2.52,823.6,252.86,276.62,74.82,37.47,51.94,442.84,9.69,1248.69,14.07,154.72,9.28,0.03,51.77,5.65,0.75,9.21,12.75,1.74,0.43,53.95,0.21,15.74,9.19,1.3,1.25,0.92,110.11,0.29,0.65,2.53,0.09,1.06,1.95,341.54,0.18,11.69,7.93,1.75,0.04,29.52,1.09,7.19,1.72,0.1,2.35,182.54,2.18,29.29,2.84,0.64,97.77,0,66.29,9.42,41.54,18.2,93.54,0.2,1.04,4.4,2.2,3.71,24.72,60.44,377.12,51.8,34.47,129.12,1586.63,0.46,0.01,0.13,0.29,0.07,0.13,0.13,0.05,269.5,3.24,45.7,0.23,0.23,48.01,0.48,44.08,16,0.2,0.57,363.73,421,0.35,252.56,6.86,4.1,2.08,63.35,44.11,47.45,178.06,2.82,2.53,173.57,1.26,0.08,18.45,17.21,203.1,31.65,0.07,0,1.02,351.83,75.84,586.76,5601.09,5.41,108.19,0.07,118.35,35.48,0.02,11.38,1.84,14.89
1997,1.3,1.54,87.52,0.47,15.88,0.06,0,0.31,136.62,3.25,0.76,320.24,67.31,29.84,1.61,17.22,23.14,1.16,61.7,124.02,0.39,1.22,0.52,0.39,11.73,0.08,8.37,2.8,306.95,0.1,6.18,55.81,0.76,0.25,1.47,5.38,522.02,0.23,0.22,0.45,55.94,3512.35,0,65.1,0.08,4.83,0.05,4.9,7.21,18.57,24.82,4.52,6.3,130.94,3.09,65.44,0.33,0.08,17.23,0,19.46,110.93,5.4,1.98,0.77,18.67,1.14,2.98,0.59,0.76,62.7,396.02,0.54,5.53,0.22,4.41,931.51,5.51,93.8,0.62,0.17,7.46,1.24,0.12,1.81,1.35,4.01,30.5,61.68,2.62,857.98,279.7,269.26,76.3,38.8,54.87,448.57,10.07,1240.98,14.31,147.29,8.23,0.03,56.77,5.56,0.79,8.68,15.1,1.77,0.45,51.78,0.22,15.16,8.55,1.37,1.53,0.92,118.47,0.33,0.72,2.56,0.09,1.08,2,362.47,0.19,7.3,7.62,1.88,0.03,29.98,1.17,7.42,1.81,0.1,2.64,175.47,1.82,31.26,3.11,0.65,95.65,0,63.68,8.45,41.64,18.14,93.79,0.2,0.86,4.57,2.61,4.09,27.75,69.15,367.2,54.67,42.23,118.11,1481.96,0.48,0.01,0.14,0.29,0.05,0.13,0.13,0.05,227.15,3.18,49.1,0.27,0.2,56.74,0.5,44.15,16.51,0.2,0.54,385.21,444.97,0.43,264.9,7.4,5.02,2.1,58.35,43.05,49.6,190.78,2.15,2.82,181.2,0.88,0.1,18.9,17.81,215.51,31.2,0.08,0.01,1.06,340.59,73.3,562.71,5673.14,5.52,109.03,0.08,129.75,45.5,0.02,12.26,2.35,13.9
1998,1.28,1.75,105.74,0.49,16.51,0.07,0,0.32,139.5,3.42,0.81,334.04,66.94,31.79,1.99,18.28,23.22,1.23,60.18,130.26,0.37,1.11,0.52,0.39,11.26,0.01,10.55,3.34,317.36,0.1,5.59,53.11,0.85,0.25,1.88,5.37,529.62,0.24,0.22,0.46,57.26,3355.34,0,65.56,0.09,3.87,0.05,5.21,6.75,19.04,24.31,0.25,6.6,125.72,2.73,61.24,0.39,0.08,17.76,0.06,23.12,124.26,5.71,2.29,0.59,16.93,1.16,3.15,0.62,0.74,59.36,414.36,0.54,6.45,0.24,4.86,923.5,5.58,98.62,0.6,0.18,8.62,1.31,0.09,1.83,1.24,4.81,38.92,61.26,2.64,875.78,244.31,305.64,80.98,40.71,56.01,460.82,9.69,1201.33,14.45,145.62,10,0.03,52.91,5.9,0.82,8.31,16.29,1.8,0.47,51.65,0.23,16,7.66,1.44,1.62,0.9,109.78,0.3,0.93,2.52,0.09,1.07,2.17,381.1,0.2,6.44,7.62,1.98,0.03,30.88,1.11,8.05,1.86,0.1,2.22,176.4,1.81,29.84,3.39,0.7,86.34,0.01,58.75,9.65,41.84,18.54,96.74,0.2,1.46,5.83,3.54,4.37,28.07,67.38,338.98,59.21,36.96,104.78,1465.86,0.48,0.01,0.15,0.32,0.06,0.16,0.14,0.05,218.91,3.33,51.69,0.29,0.22,47.41,0.03,43.88,16.05,0.21,0.51,377.27,378.04,0.38,273.65,7.62,4.37,2.1,58.77,44.62,53.5,200.55,2.5,2.48,159.7,1.29,0.09,19.89,18.29,215.59,33.45,0.09,0.01,1.21,328.88,80.63,568.54,5736.36,5.65,120.98,0.08,134.99,47.87,0.02,12.93,2.28,14.13
1999,1.09,2.99,90.61,0.51,17.26,0.07,0,0.34,148.34,3.04,0.81,343.88,65.67,28.82,2.03,18.25,25.09,1.3,58.08,124.72,0.35,1.46,0.51,0.39,10.95,0.04,10.33,3.16,327.26,0.11,5.98,46.37,1.04,0.25,1.89,5.22,543.86,0.29,0.23,0.47,61.41,3549.95,0,55.29,0.1,3.92,0.05,5.42,6.09,20.08,24.49,1.87,6.86,116.67,2.2,58.65,0.39,0.08,17.77,0.15,22,126.99,5.57,2.51,0.61,15.93,1.24,3.09,0.63,0.76,58.87,413.07,0.59,6.01,0.28,4.25,895.44,5.61,97.93,0.59,0.19,8.87,1.39,0.1,1.84,1.27,4.71,42.55,61.58,2.84,961.19,291.77,374.45,82.42,42.44,54.76,465.51,9.96,1238.12,14.47,118.76,10.02,0.03,55.09,4.64,0.85,7.72,16.43,1.82,0.38,50.26,0.23,13.45,8.12,1.43,1.77,0.89,103.99,0.42,0.97,2.57,0.09,1.1,2.43,386.04,0.19,4.68,7.49,1.36,0.04,31.99,1.17,8.93,1.74,0.09,3.19,171.05,2.06,31.44,3.59,0.68,84.84,0.01,64.14,8.78,42.61,22.08,99.39,0.2,1.37,5.55,2.55,4.36,29.56,67.3,329.2,66.88,36.33,88.9,1494.09,0.5,0.01,0.16,0.34,0.06,0.17,0.14,0.05,237.72,3.6,35.65,0.3,0.18,49.2,0.21,43.09,15.42,0.22,0.49,374.87,410.52,0.41,297.02,8.38,4.75,2.12,55.94,44.45,55.53,208.02,2.52,2.46,167.24,1.85,0.11,22.58,18.71,211.24,39.8,0.1,0.01,1.25,298.64,77.84,561.65,5800.28,6.69,123.59,0.08,143.13,48.55,0.02,14.8,1.78,15.72
2000,1.05,3.02,84.55,0.52,15.99,0.08,0,0.35,143.35,3.49,2.38,349.9,66.2,29.77,2.03,19.2,26.54,1.31,55.01,126.78,0.4,1.47,0.52,0.4,8.44,0.09,13.7,3.78,340.18,0.12,5.89,45.5,0.93,0.27,2,5.59,566.68,0.3,0.13,0.49,58.5,3643.81,0,56.21,0.1,4.28,0.05,5.37,6.63,19.65,25.3,4.96,7.11,127.23,1.71,54.31,0.37,0.1,18.94,0.22,20.95,142.84,5.65,2.7,0.6,15.47,1.21,3.46,0.69,0.81,57.02,407.44,0.69,6.13,0.28,4.5,898.98,5.31,102.97,0.67,0.19,9.74,1.44,0.05,1.75,1.63,5.03,39.77,58.24,2.93,987.07,281.05,367.21,83.72,45.25,59.52,469.6,10.31,1260.2,15.4,142.2,10.38,0.04,54.98,4.58,0.96,7.08,15.47,1.85,0.4,53.24,0.22,11.84,8.7,1.53,1.96,0.85,122.88,0.45,1.07,2.47,0.1,1.11,2.69,391.44,0.18,3.57,7.43,1.52,0.03,33.2,1.32,10.22,1.72,0.09,3.04,172.15,2.22,32.22,3.71,0.68,96.83,0.01,69.17,8.47,42.13,23.98,103.94,0.21,1.66,5.64,2.94,3.59,28.68,71.47,317.31,65.5,40.41,93.21,1480.58,0.52,0.01,0.17,0.34,0.06,0.14,0.14,0.05,309.64,3.9,39.61,0.32,0.27,37.37,0.55,41.19,15.06,0.23,0.51,378.33,439.98,0.45,309.26,9.99,5.29,2.19,54.89,43.62,54.53,226.93,2.24,2.57,167.35,1.33,0.1,24.35,19.44,232.93,39.36,0.11,0.01,1.36,285.66,112.28,569.03,6023.16,5.28,123.48,0.08,142.9,53.94,0.02,15.83,1.78,13.81
2001,1.07,3.22,86.02,0.52,15.91,0.08,0,0.37,135,3.53,2.41,357.67,70.19,28.41,1.95,19.68,31.06,1.31,54.1,126.08,0.45,1.69,0.53,0.46,8.75,0.09,13.26,3.85,346.17,0.13,5.76,49.02,1.06,0.2,2.23,5.56,558.98,0.35,0.14,0.51,52.92,3724.11,0,56.47,0.11,4.18,0.06,5.64,7.65,20.78,24.68,5.05,6.98,127.17,1.65,55.9,0.37,0.11,19.08,0.12,23.44,126.37,5.83,3.09,0.64,15.87,1.1,4.26,0.76,1,62.52,411.59,0.77,6.48,0.3,3.72,915.25,5.97,105.36,0.62,0.19,10.15,1.52,0.05,1.74,1.47,5.67,37.29,59.83,2.87,1001.2,316.76,389.91,96.8,47.61,63.02,469.68,10.58,1245.93,15.86,138.04,9.22,0.03,59.12,3.86,1.06,7.5,16.41,1.87,0.41,53.11,0.21,12.59,9.21,1.56,1.75,0.78,130.89,0.46,1.16,2.74,0.1,1.17,2.86,407.49,0.17,3.79,7.8,1.63,0.03,36.81,1.55,8.86,2.23,0.08,3.24,177.46,1.88,34.36,3.91,0.65,100.22,0.01,71.67,8.29,43.52,22.51,105.4,0.21,1.34,6.91,3.34,3.69,25.26,69.8,313.27,65.19,45.91,98.93,1518.08,0.52,0.01,0.18,0.36,0.06,0.18,0.15,0.05,324.37,4.26,42.54,0.34,0.37,38.52,0.56,43.27,16.31,0.24,0.54,371.6,455.63,0.51,311.03,10.16,6.02,2.36,55.78,45.09,51.34,231.43,2.29,3.04,172.27,1.16,0.09,26.74,20.26,216.87,34.03,0.11,0.01,1.42,303.88,101.9,577.97,5903.56,5.04,126.22,0.08,130.62,60.98,0.03,17.19,1.89,12.51
2002,1.34,3.75,89.66,0.53,16.08,0.08,0,0.4,124.93,3.08,2.44,362.43,71.99,28.57,2.03,20.11,32.01,1.32,53.94,126.88,0.43,2.11,0.56,0.49,10.41,0.09,14.17,3.98,347.76,0.14,5.29,46.14,1.07,0.21,2.15,5.35,564.26,0.39,0.12,0.53,54.84,4098.18,0,55.42,0.11,2.72,0.04,6.21,7.45,21.92,25.18,4.87,7.17,123.99,1.73,55.55,0.4,0.1,20.87,0.26,24.86,128.36,6.04,2.77,0.51,15.36,1.08,4.43,0.73,0.83,65.05,407.03,0.81,6.25,0.3,3.35,898.83,6.48,105,0.58,0.2,10.69,1.58,0.06,1.71,1.78,5.95,39,58.84,2.99,1032.75,308.2,397.03,97.09,46.08,59.3,477.14,10.2,1275.42,16.71,156.77,7.82,0.04,60.11,4.92,1.17,7.52,16.24,1.91,0.43,52.52,0.22,12.67,9.98,1.39,1.23,0.86,132.03,0.59,1.21,2.75,0.11,1.25,2.88,410.3,0.15,4.05,8.2,1.74,0.04,37.31,1.54,9.33,1.97,0.08,2.6,176.74,2.39,34.52,3.98,0.69,89.91,0.01,68.64,7.84,42.57,26.98,110.57,0.21,1.15,5.71,3.67,3.85,25.59,69.49,305.85,69.58,45.17,99.07,1508.33,0.51,0.01,0.19,0.35,0.06,0.19,0.16,0.06,346.93,4.44,45.49,0.35,0.5,40.21,0.54,42.03,16.57,0.24,0.57,356.5,476.06,0.65,331.03,10.79,7.63,1.56,56.63,43.47,40.73,238.57,1.87,3.49,184.66,1.32,0.1,28.68,20.38,224.32,30.13,0.15,0.01,1.44,295.9,85.21,560.27,5947.82,4.57,132.58,0.08,164.23,69.53,0.03,16.71,1.96,11.9
2003,1.56,4.3,94.08,0.54,17.48,0.09,0,0.43,134.42,3.46,2.56,370.78,77.41,30.49,2.07,20.98,33.5,1.36,55.24,128.29,0.43,2.39,0.56,0.49,10.98,0.09,14.36,3.83,344.64,0.15,6.14,50.49,1.18,0.17,2.25,5.71,581.19,0.41,0.11,0.88,55.1,4835.25,0,57.03,0.14,3.26,0.05,6.55,5.3,23.23,25.55,4.88,7.56,127.59,2.1,60.65,0.42,0.12,21.26,0.25,27.11,149.95,6.4,3.13,0.78,17.25,1,4.87,0.73,0.99,72.66,412.99,0.83,6.75,0.3,3.73,894.5,6.68,109.07,0.65,0.21,10.41,1.65,0.07,1.87,1.69,6.69,42.73,61.61,2.98,1068.4,339.02,410.97,101.42,45.68,62.41,495.09,10.67,1283.85,17.27,175.02,6.72,0.04,62.49,5.38,1.22,7.73,18.53,1.93,0.46,55.48,0.23,12.66,10.45,1.42,1.7,0.92,153.38,0.51,1.25,2.96,0.11,1.29,3.06,435.97,0.16,4.4,7.93,1.86,0.04,36.57,1.86,10,2.09,0.07,2.81,180.17,2.73,36.22,4.31,0.74,100.03,0,70.14,8.53,43.92,34.56,113.14,0.21,1.27,5.93,4.05,4.03,24.91,69.5,318.73,64.48,46.63,103.71,1539.01,0.51,0.01,0.19,0.38,0.06,0.2,0.16,0.06,351.23,4.93,48.65,0.34,0.54,39.53,0.54,42.36,16.28,0.26,0.6,404.41,485.21,0.73,335.54,10.76,8.52,1.54,57.22,44.65,55.38,249.13,2.07,3.69,191.09,1.8,0.12,32.37,21.04,239.85,40.57,0.15,0.01,1.51,307.25,107.11,571.62,6006.44,4.54,130.3,0.08,154.36,77.26,0.03,18.61,2.07,10.61
2004,1.24,4.18,90.85,0.56,17.02,0.1,0.01,0.45,157.24,3.69,2.62,382,77.72,32.25,2.05,21.2,35.98,1.39,58.37,128.81,0.39,2.59,0.58,0.44,11.05,0.1,15.46,3.9,361.43,0.15,5.97,49.54,1.11,0.2,2.24,5.7,576.29,0.43,0.13,0.91,59.22,5210.96,0,54.32,0.15,3.55,0.05,6.8,7.39,22.85,24.54,5.12,7.79,128.31,2.03,55.1,0.41,0.14,17.25,0.5,29.31,151.92,6.22,6.14,0.63,17.32,1,5.16,0.75,1.3,68.95,414.07,0.84,6.39,0.32,4.28,876.57,6.45,109.48,0.62,0.2,11.06,1.72,0.04,1.93,1.64,7.19,41.16,59.98,3.11,1134.61,342.71,442.12,113.02,46.17,58.68,500.69,10.57,1279.12,19,185.48,7.62,0.04,65.86,5.81,1.28,7.73,17.21,1.98,0.54,56.85,0.23,13.25,11.82,1.58,1.8,0.9,169.67,0.66,1.41,2.85,0.11,1.39,3.09,438.59,0.14,4.61,8.5,2.03,0.05,42.23,1.86,12.56,2.24,0.06,2.58,182.09,2.52,35.81,4.36,0.8,94.96,0,71.72,8.23,44.26,29.25,124.64,0.21,2.19,5.5,4.69,4.06,28.5,72,323.62,67.3,47.44,103.23,1545.35,0.52,0.01,0.21,0.4,0.06,0.22,0.17,0.07,407.7,5.24,52.94,0.38,0.52,41,0.57,42.86,16.71,0.28,0.63,449.32,491.39,0.92,352.14,11.91,10.87,1.55,56.43,45.23,51.69,259.37,2.56,4.22,207.33,1.74,0.11,32.69,22.14,247.84,49.35,0.16,0.01,1.61,310.63,112.47,573.43,6111.55,5.57,129.1,0.07,142.84,88.94,0.03,20.11,2.1,9.43
2005,1.89,4.26,109.56,0.58,15.39,0.11,0.01,0.48,161.73,4.38,2.71,385.08,79.09,34.19,1.91,24.49,37.72,1.43,59.4,125.66,0.42,2.49,0.58,0.55,12.34,0.1,16.05,4.1,364.37,0.17,5.43,50.6,1.1,0.16,2.21,5.42,570.4,0.45,0.13,0.93,61.12,5881.99,0,60.26,0.14,4.35,0.06,6.66,7.57,23.3,25.71,5.07,7.95,125.71,2.29,51.53,0.41,0.15,17.85,0.32,30.65,166.93,6.26,6.21,0.59,17.09,1.01,4.96,0.72,1.02,57.06,416.34,0.83,6.22,0.32,5.05,867.88,6.11,113.89,0.63,0.22,12.04,1.78,0.09,1.62,1.72,6.83,43.33,60.14,2.98,1195.39,347.36,466.8,114.28,48.15,56.53,501.37,10.41,1286.41,20.79,198.45,8.45,0.05,74.61,5.52,1.34,7.81,16.65,2.01,0.65,55.99,0.23,13.86,12.08,1.68,1.74,0.84,169.98,0.6,1.46,2.65,0.11,1.43,3.29,463.44,0.11,4.94,8.52,1.93,0.04,44.66,1.77,11.55,2.53,0.06,2.99,178.13,2.81,37.4,4.25,0.69,101.67,0,75.01,8.6,43.28,31.84,129.95,0.22,2.74,6.74,4.98,3.77,30.32,72.33,322.58,69.64,47.68,101.34,1563.98,0.51,0.01,0.19,0.39,0.06,0.22,0.17,0.08,412.23,5.54,50.06,0.38,0.43,39.6,0.56,42.86,16.94,0.28,0.65,416.2,498.69,0.88,367.45,11.67,10.56,1.59,53.79,45.78,51.16,266.89,2.44,5.36,214.32,1.72,0.11,38.2,22.52,267.71,47.93,0.19,0.01,2.02,313.51,115.27,570.34,6126.9,5.74,121.6,0.07,148.41,95.84,0.03,21.8,2.24,10.7
2006,2.16,3.91,103.8,0.55,17.14,0.12,0.01,0.52,174.34,4.4,2.71,391.37,76.8,34.52,1.85,24.04,41.73,1.47,61.81,123.9,0.44,3.35,0.66,0.41,12.37,0.1,17.39,4.13,368.87,0.18,7.14,51.84,1.22,0.19,2.85,5.49,566.32,0.49,0.14,0.96,64.05,6486.19,0,62.47,0.17,4.79,0.07,6.98,6.89,23.5,26.78,5.29,8.18,126.53,2.35,59.5,0.41,0.14,19.03,0.32,29.78,178.39,6.69,6.17,0.45,16.44,1.01,5.32,0.68,1.15,68.37,406.67,0.84,5.54,0.35,6.27,886.43,8.52,112.42,0.64,0.22,12.18,1.85,0.12,1.51,1.75,7.7,41.91,59.53,3.15,1293.32,346.37,501.01,98.84,47.6,62.15,496.07,11.57,1263.44,20.83,219.63,9.57,0.05,76.22,5.46,1.76,8.31,14.79,2.03,0.67,51.45,0.23,14.2,11.91,1.46,1.68,0.85,170.17,0.74,1.53,2.65,0.12,1.55,3.63,474.52,0.11,5.03,9.28,2.06,0.04,46.25,1.92,12.82,2.52,0.04,2.46,173.28,2.71,37.3,4.41,0.67,90.1,0,76.17,8.65,43.86,40.45,137.91,0.23,2.27,7.28,5.05,3.9,28.3,65.65,336.39,64.86,59.75,104.29,1623.43,0.51,0.01,0.2,0.41,0.06,0.22,0.17,0.08,444.98,4.43,53.72,0.39,0.57,40.6,0.59,42.64,17.18,0.29,0.67,446.74,503.48,0.96,358.87,11.5,11.54,1.74,53.65,45.37,54.04,276.55,2.66,5.88,215.82,1.5,0.13,42.71,22.91,285.43,49.5,0.22,0.01,2.39,333.05,122.72,567.85,6045.33,6.61,124.9,0.07,155.84,99.66,0.03,23.91,2.23,10.37
2007,2.8,4,107.55,0.54,17.59,0.13,0.01,0.54,173.76,5.1,2.82,398.9,74.09,30.04,1.87,26.63,42.67,1.47,60.28,120.49,0.47,3.93,0.73,0.4,12.74,0.11,17.47,4.23,390.57,0.18,8.08,55.67,1.62,0.19,3.49,7.41,589.96,0.51,0.15,1.09,70.47,6974.66,0,60.67,0.11,4.26,0.07,7.91,6.65,24.8,25.72,5.95,8.47,128.36,2.62,54.71,0.45,0.17,19.91,0.29,34.39,189.2,6.82,5.71,0.42,19.93,1.04,5.84,0.69,1.08,66.76,396.46,0.86,5.04,0.35,6.61,846.15,8.98,114.55,0.64,0.24,12.12,1.93,0.08,1.78,1.77,8.22,43.57,58.45,3.49,1393.48,387.58,507.77,61.36,47.66,62.8,489.79,10.75,1298.97,21.7,225.71,9.73,0.05,77.3,6.52,1.84,8.64,13.75,2.07,0.63,44.39,0.2,15.47,11.3,1.36,1.73,0.92,175.45,0.78,1.78,2.73,0.13,1.76,3.69,473.6,0.13,4.98,11.96,2.06,0.04,48.91,2.19,12.85,2.33,0.04,2.57,173.03,2.93,36.38,4.54,0.71,82.17,0,63.48,9.01,45.6,45.31,148.35,0.25,2.33,7.13,6.58,4.04,34.57,70.01,335.74,62.38,59.53,108.5,1624.32,0.54,0.01,0.22,0.42,0.06,0.24,0.18,0.08,423.31,5.2,52.16,0.4,0.49,41.1,0.66,41.03,17.35,0.3,0.69,465.03,521.71,1.13,366.47,11.84,13.56,1.76,52.88,43.36,66.97,280.08,3.23,5.71,224.08,1.52,0.11,45.56,24.73,316.5,49.18,0.25,0.01,2.71,336.83,134.1,559.57,6121.54,5.96,123.82,0.08,154.17,101.43,0.03,23.68,2.3,9.84
2008,4.25,4.45,108.6,0.54,18.75,0.13,0,0.54,187.6,5.58,2.66,404.28,73.47,33.04,1.92,29.52,45.34,1.73,62.93,120.2,0.43,3.92,0.65,0.65,13.03,0.11,19.95,4.5,412.64,0.19,9.17,54.03,1.82,0.2,3.94,7.32,574.21,0.47,0.15,0.87,70.55,7492.4,0,66.98,0.11,4.27,0.07,7.93,6.71,23.52,27.74,5.72,8.69,122.93,2.69,51.26,0.49,0.17,20.23,0.28,30.49,195.86,6.38,5.93,0.4,17.82,1.02,6.42,0.63,0.79,58.63,389.79,0.87,5.38,0.36,5.75,856.64,8.32,111.08,0.65,0.26,10.73,1.96,0.12,1.7,1.75,8.53,42.79,57.18,3.81,1490.37,365.38,528.53,94.33,47.36,67.98,478.13,10.78,1228.69,20.99,226.1,10.1,0.05,84.44,7.48,2.13,8.2,17.42,2.12,0.53,49.7,0.22,14.92,11.17,1.13,1.79,1,192.85,0.84,1.96,2.72,0.13,1.83,3.77,472.98,0.11,5.19,11.92,2.6,0.04,51.37,2.18,9.77,2.86,0.04,3.35,175.9,2.85,37.48,4.35,0.79,86.49,0.01,70.33,8.94,44.69,47.44,147.9,0.2,2.05,6.81,5.54,4.27,35.57,76.61,329.43,60.01,61.87,107,1652.73,0.53,0.01,0.22,0.42,0.06,0.22,0.16,0.08,469.43,4.74,51.74,0.41,0.51,40.2,0.64,41.42,18.29,0.31,0.72,494.67,532.65,1.2,335.28,11.65,14.18,1.94,50.77,44.7,68.08,266.98,2.9,5.99,224.25,1.52,0.11,44.44,25.45,312.63,59.44,0.26,0.01,2.78,325.98,155.03,544.93,5919.22,8.22,128.39,0.09,155.76,114.3,0.03,24.54,2.55,7.72
2009,6.39,4.37,116.33,0.52,20.67,0.13,0,0.56,178.38,4.36,2.63,406.98,67.3,29.1,2.15,28.14,49.19,1.7,60.63,107.81,0.51,4.22,0.47,0.68,13.63,0.11,20.54,3.85,389.77,0.19,7.75,45.75,1.84,0.22,4.58,8.55,541.13,0.52,0.15,1.22,65.96,7881.49,0,71.77,0.14,4.94,0.06,7.69,5.66,21.75,28.26,5.86,8.44,114.97,2.45,48.85,0.44,0.19,19.69,0.32,33.81,205.24,6.28,4.88,0.45,14.4,1.05,6.45,0.57,0.7,55.92,371.4,0.86,5.3,0.37,6.17,789.98,6.87,104.32,0.58,0.25,11.72,2.09,0.1,1.91,1.88,8.03,41.58,51.46,3.73,1613.33,398.62,543.41,105.21,42.18,63.86,424.03,7.94,1160.25,21.55,223.19,12.19,0.05,88.83,6.71,2.67,7.46,20.96,2.22,0.52,51.63,0.2,12.83,10.62,1.89,1.7,1.02,192.12,0.88,1.89,2.56,0.13,2.01,3.71,460.29,0.15,4.54,13.03,1.68,0.04,50.86,2.44,10.21,2.66,0.04,4.13,170.43,3.04,34.59,4.43,0.95,77.03,0,67.66,8.25,43.1,44.5,148.35,0.19,2.09,8.05,5.26,4.53,39.42,75.58,315.89,57.15,65.31,87.81,1545.24,0.56,0.01,0.22,0.42,0.06,0.28,0.17,0.09,503.97,5.26,45.92,0.44,0.5,40.8,0.65,37.68,16.21,0.32,0.74,474.51,537.82,1.25,296.16,12.57,14.8,1.99,47.14,43.53,63.26,253.03,2.44,5.81,228.84,2.54,0.12,44.42,25.35,318.57,52.46,0.28,0.01,3,277.59,169.09,494.11,5486.1,7.99,109.23,0.12,152.18,124.49,0.03,26.9,2.94,8.25
2010,8.37,4.82,117.85,0.52,22.98,0.13,0,0.55,186.12,4.26,2.51,405.03,72,27.55,2.23,29.14,54.04,1.57,62.52,114.56,0.54,4.68,0.6,0.91,14.81,0.07,21.15,4.54,440.27,0.21,8.02,47.82,1.99,0.33,5.07,8.38,554.31,0.56,0.17,1.24,71.35,8610.05,0,75.43,0.16,5.5,0.07,7.46,6.22,20.98,33.04,4.03,8.07,117.46,2.73,49.19,0.52,0.17,20.45,0.31,36.47,202.7,6.29,6.38,0.47,18.96,1,6.34,0.63,1.03,64.09,377.08,0.92,5.53,0.43,6.29,826.71,8.94,97.35,0.66,0.26,10.82,2.46,0.1,1.88,2.13,8.11,40.06,51.99,3.63,1678.53,445.37,561.5,113.98,41.79,68.29,435.67,7.68,1211.09,20.84,248.09,11.86,0.06,89.72,6.36,3,8.55,20,2.27,0.71,59.15,0.19,13.8,11.19,1.24,1.87,0.97,199.35,0.93,2.09,2.62,0.14,2.09,3.91,456.41,0.1,4.83,13.77,2.42,0.06,54.37,2.64,13.13,2.79,0.04,4.83,182.48,3.66,34.79,4.45,1.16,112.05,0,65.36,8.18,45.66,51.43,147.5,0.21,2.03,9.06,4.71,5.01,42.51,82.25,334.03,52.89,73.65,84.49,1633.15,0.58,0.01,0.22,0.48,0.06,0.22,0.19,0.11,555.64,6.86,45.69,0.44,0.55,44.4,0.45,38.46,16.47,0.33,0.78,467.35,594.34,1.27,282.58,12.7,15.07,2.38,53.03,45.03,62.06,270.72,2.54,7.19,241.02,2.6,0.12,47.09,27.9,318.71,59.18,0.28,0.01,3.57,294.37,185.85,511.9,5669.25,6.32,107.67,0.13,189.58,139.56,0.03,25.82,3.12,8.75
2011,11.41,5.17,124.72,0.49,23.4,0.13,0,0.55,189.88,4.97,2.5,403.87,69.89,30.21,2.11,28.54,55.59,1.63,61.35,105.16,0.57,4.48,0.44,1.01,16.05,0.1,23.77,4.03,461.91,0.21,9.55,53.12,2.15,0.41,5.27,8.11,562.83,0.62,0.15,1.28,78.07,9520.15,0,75.19,0.14,5.05,0.08,7.28,6.52,20.61,29.08,5.15,7.79,115.18,3.04,44.24,0.32,0.15,20.92,0.43,38.48,221.68,6.47,6.07,0.58,18.95,0.96,7.36,0.56,0.93,56.65,355.13,0.88,5.45,0.44,7.81,804.54,10.33,94.5,0.7,0.25,10.98,2.56,0.11,1.96,2.27,8.86,43.15,50.16,3.5,1765.69,500.46,576.37,123.53,38.05,68.59,423.9,8.23,1261.18,21.41,238.16,12.22,0.06,87.15,7.62,3.1,7.81,20.26,2.76,0.82,53.54,0.18,13.96,11.09,1.29,2.33,1.03,203.45,0.99,2.28,2.61,0.14,2.23,3.92,483.3,0.12,4.95,21.37,2.41,0.04,54.87,3.11,15.12,2.79,0.04,5.22,169.35,3.69,34.24,4.79,1.31,126.11,0,47.87,8.82,44.77,57.3,149.49,0.21,2.25,9.9,5.3,5.19,42.33,82.98,333.41,51.78,81.81,92.39,1684.99,0.64,0.01,0.23,0.48,0.07,0.22,0.19,0.1,540.24,7.82,48.96,0.4,0.71,47,0.57,38.05,16.36,0.35,0.81,474.27,623.44,1.24,283.27,14.48,14.71,2.76,49.11,40.97,59.08,276.77,2.34,8.44,244.88,2.5,0.11,47.04,26.43,344.21,65.16,0.28,0.01,3.83,308.38,198.52,469.71,5538.97,7.69,116.75,0.13,168.71,152.56,0.03,22.63,3.38,10.36
2012,9.73,4.93,135.59,0.49,25.94,0.12,0,0.56,191.72,5.75,1.34,405,67.26,32.77,2.05,27.2,59.7,1.55,62.59,102.49,0.47,4.4,0.37,1.15,17.57,0.12,22.14,5.08,497.47,0.21,9.5,48.28,2.61,0.39,5.57,7.61,561.77,0.5,0.18,1.75,79.62,9767.31,0,78.67,0.15,5.02,0.08,7.22,8.54,19.05,29.48,6.29,7.26,111.28,2.8,39.86,0.29,0.17,20.9,0.59,37.49,212.52,6.44,6.88,0.61,17.76,1.11,7.99,0.59,0.91,51.15,358.1,0.88,5.02,0.45,8.29,814.09,12.64,91.39,0.55,0.27,11.35,2.39,0.11,1.96,2.26,9.11,42.74,46.72,3.5,1926.99,515.77,599.28,134.04,38.22,74.78,403.44,7.89,1302.11,24.07,245.26,11.25,0.06,101.2,10.09,3.33,7.52,22.33,2.79,0.92,61.61,0.18,14.05,10.86,1.13,2.66,1.04,212.99,1.11,2.44,2.75,0.14,2.45,3.96,501.49,0.13,4.77,35,2.21,0.04,56.95,3.05,11.83,3.19,0.04,5.47,165.75,3.71,35.92,4.53,1.85,110.13,0,46.76,8.46,44.26,63.1,150.56,0.22,2.19,9.54,4.37,5.16,45.51,87.48,325.78,49.93,93.74,89.85,1700.1,0.72,0.01,0.22,0.49,0.07,0.23,0.19,0.11,605.71,7.36,43.76,0.42,0.83,46.1,0.7,35.96,15.77,0.34,0.83,461.44,627.94,1.33,277.43,15.39,15.76,2.49,46.61,42.24,46.34,273.28,2.93,10.37,262.35,2.22,0.11,46.16,28.19,358.64,66.94,0.28,0.01,3.63,304.43,208.32,487.48,5331.47,8.61,118.86,0.12,175.84,144.29,0.03,20.47,4.18,11.26
2013,8.89,5.35,141.53,0.48,25.71,0.11,0,0.56,189.53,5.54,0.86,397.85,67.76,33.56,1.99,31.23,64.76,1.54,64.15,102.82,0.47,4.57,0.54,1.27,17.78,0.11,21.8,5.66,531.57,0.21,7.63,42.58,2.81,0.44,5.63,7.85,568.59,0.49,0.1,2.08,81.73,9942.37,0,86.44,0.18,5.89,0.08,7.58,9.68,18.4,27.89,5.93,6.58,106.71,3.92,41.76,0.38,0.16,20.84,0.62,39.69,219.09,6.06,8.17,0.57,19.63,1.31,9.74,0.65,1.04,51.72,360.01,0.88,5.19,0.43,8.03,831.75,12.61,81.71,0.56,0.3,12.49,2.08,0.14,1.9,2.7,9.33,44.31,43.49,3.49,1995.34,493.44,610,141.7,37.28,63.09,369.46,8.47,1311.88,24.06,253.53,12.16,0.06,83.05,9.73,4.2,7.37,22.16,2.13,0.87,51.34,0.19,13.15,10.32,0.99,3.06,1.12,241.67,1.1,2.74,2.43,0.14,2.17,4.07,495.41,0.14,4.9,43.48,2.15,0.05,56.61,3.58,12.71,3,0.05,6.22,164.93,3.97,35.22,4.59,2.08,117.4,0.01,36.14,7.45,44.54,65.59,148.18,0.23,2.44,10.27,4.53,5.17,42.72,94.83,321.76,48.15,91.43,78.8,1637.55,0.78,0.01,0.22,0.49,0.07,0.22,0.19,0.11,583.18,7.85,44.58,0.41,1.05,47,0.71,35.62,15.14,0.38,0.86,456.19,634.58,1.44,252.11,14.14,17.37,3.15,45.11,43.18,34.26,274.58,2.91,11.25,263.75,1.64,0.11,45.8,28.77,350.63,64.34,0.29,0.01,3.75,297.54,214.19,477.61,5473.44,7.49,112.39,0.11,198.45,151.46,0.03,27.28,4.43,11.67
2014,8.7,6.07,152.44,0.46,26.09,0.12,0,0.57,188.54,5.6,0.87,392.61,64.16,34.34,2.06,30.97,67.55,1.37,63.7,97.08,0.5,4.77,0.67,1.33,19.9,0.12,19.31,6.85,556.53,0.22,8.83,45.17,2.87,0.35,6.7,8.78,564.94,0.49,0.13,2.18,77.59,9976.03,0,92.04,0.17,5.47,0.08,7.7,9.9,17.65,27.37,6.8,6.93,104.23,5.07,37.57,0.42,0.17,21.26,0.63,43.76,227.25,6.12,7.64,0.57,18.78,0.76,11.54,0.6,1.18,47.62,327.81,0.85,5.66,0.51,9.06,792.58,13.26,78.64,0.5,0.24,13.43,2.37,0.14,1.98,2.7,9.5,45.49,43.64,3.44,2148.05,498.03,644.23,137.51,36.85,60.28,349.39,7.67,1260.27,26.16,299.14,13.21,0.06,74.99,10.24,4.38,7.17,23.99,2.24,0.73,68.35,0.16,12.85,9.81,1.29,2.97,1.01,245.05,1.32,3.14,2.42,0.14,2.56,4.21,484.05,0.14,4.75,29.63,2.11,0.04,57.17,8.12,15.85,3.1,0.05,7.59,157.5,5.01,35.4,4.72,2.26,123.97,0.01,39.83,7.17,44.98,66.19,150.81,0.22,2.84,10.69,6.13,5.45,49.39,100.07,309.42,47.94,91.64,79.33,1637.31,0.83,0.01,0.23,0.49,0.07,0.26,0.2,0.13,585.11,8.72,37.33,0.46,1.13,47.6,0.72,33.71,13.57,0.33,0.89,481.64,629.37,1.5,253.66,17.08,13.1,3.2,43.38,39.24,34.87,276.96,4.61,11,272.49,1.49,0.11,46.87,29.88,367.27,62.8,0.31,0.01,4.09,257.7,214.53,438.81,5531.39,6.68,107.5,0.16,175.99,180.05,0.03,26.59,5.28,11.95
2015,9.38,4.71,160.32,0.47,27.5,0.14,0,0.58,191.81,5.47,0.9,400.59,66.36,34.68,2.23,32.52,76.95,1.33,58.83,101.33,0.69,5.32,0.54,1.43,19.9,0.13,18.46,5.42,528.17,0.22,6.93,48.13,3.74,0.35,8.19,9.85,563,0.49,0.19,2.35,81.78,9858.04,0,91.03,0.18,5.64,0.08,7.35,9.55,17.79,29.09,7.33,6.95,104.99,3.27,35.11,0.51,0.18,22.99,0.59,41.3,226.65,6.64,7.01,0.56,15.78,0.85,12.56,0.61,1.46,44.19,332.13,0.85,5.77,0.58,9.79,800.82,14.57,74.93,0.55,0.26,15.45,2.45,0.15,1.96,2.65,10.9,42.4,46.57,3.54,2231.82,551.16,641.96,142.53,38.72,62.94,361.24,7.97,1219.98,25.8,303.05,15.21,0.06,93.32,10.27,9.19,7.26,25.73,2.04,0.7,60.87,0.16,13.04,9.33,1.77,3.12,1.05,235.94,1.28,3.4,1.7,0.14,3,4.21,479.43,0.14,4.79,23.28,2.24,0.05,58.5,6.73,21.88,3.39,0.06,6.91,163.96,4.88,35.8,5.41,2.2,110.53,0.01,31.28,6.72,45.52,67.88,144.9,0.2,3,10.65,6.32,6.04,49.2,111.05,312.55,52.23,93.31,78.05,1635.24,0.97,0.01,0.23,0.48,0.07,0.23,0.23,0.14,624.55,9.85,43.9,0.5,1.08,49.4,0.74,34.53,13.66,0.3,0.92,457.47,634.18,1.91,270.25,19.18,14.25,2.71,43.31,38.76,31.11,276.26,5.31,12.78,277.1,1.8,0.11,45.53,31.38,387.7,63.09,0.32,0.01,4.53,223.85,225.04,422.46,5368.5,6.74,103.37,0.13,166.33,213.39,0.03,14.12,5.52,12.02
2016,8.61,4.55,158.31,0.47,25.47,0.14,0,0.59,190.02,5.21,0.88,409.67,67.22,34.73,2.25,31.64,81.76,1.37,58.19,99.82,0.67,5.31,0.62,1.56,21.25,0.13,21.73,6.34,491.75,0.23,7.63,45.34,3.99,0.43,10.64,9.96,553.71,0.53,0.24,2.38,84.25,9748.17,0,91.58,0.2,5.73,0.08,7.83,11.98,18.08,27.77,6.2,7.35,106.64,2.66,36.92,0.43,0.17,24.14,0.64,39.38,245.16,6.57,7.54,0.55,17.43,1.02,14.32,0.63,1.34,47.25,335.5,0.87,5.61,0.59,10.04,797.99,13.91,71.36,0.51,0.28,16.52,2.7,0.17,2.21,2.98,9.94,43.37,47.04,3.49,2352.54,547.97,644.68,153.13,40.37,61.16,358.13,8.13,1199.93,24.95,301.74,16.29,0.06,104.02,9.62,16.41,7.21,26.44,2.03,0.65,57.38,0.15,13.1,9.08,1.78,3.26,1.17,237.29,1.43,4.29,1.38,0.14,2.62,4.34,478.83,0.14,4.91,25.63,2.02,0.03,58.46,8.55,21.14,3.58,0.05,10.09,164.81,5.48,34.13,5.38,2.14,116.4,0.01,34.24,6.61,44.71,66.24,176.74,0.21,3.23,10.33,7.02,7.19,52.7,120.22,323.3,50.31,91.38,76.59,1629.33,1.05,0.01,0.24,0.47,0.07,0.24,0.24,0.15,641.17,10.01,45.19,0.55,1.14,49.1,0.75,34.98,14.47,0.29,0.96,457.05,637.91,1.7,259.56,22.34,19.74,2.91,43.31,39.23,29.16,280.2,6.02,13.53,284.05,2.29,0.14,39.87,30.97,405.55,62.09,0.33,0.01,4.82,234.11,227.9,399.43,5245.36,6.52,109.84,0.15,152.73,221.03,0.03,10.04,5.98,10.59
2017,9.31,5.34,165.25,0.47,23.6,0.13,0,0.6,187.07,5.54,0.89,413.41,69.6,34.7,2.52,32.92,86.53,1.4,59.44,99.28,0.67,5.55,0.64,1.65,22.18,0.14,22.15,7.07,497.25,0.18,9.31,47.45,4.62,0.52,12.09,9.58,566.66,0.57,0.29,2.34,84.14,10000.01,0,83.46,0.26,5.65,0.08,7.99,12,18.71,24.56,4.97,7.47,107.74,2.92,34.66,0.41,0.15,23.45,0.69,39.2,253.36,5.94,6.82,0.55,18.62,0.97,14.6,0.7,1.46,44.66,338.37,0.88,5.5,0.6,10.06,784.6,12.44,74.84,0.54,0.29,16.99,4.85,0.18,2.16,3.13,10.2,42.43,49.42,3.61,2425.72,570.93,696.41,167.47,39.04,58.85,352.67,7.77,1184.39,26.08,317.72,16.18,0.07,100.01,9.36,19.63,7.21,27.82,2.29,0.67,67.09,0.15,13.28,9.25,1.93,3.8,1.19,244.46,1.51,4.77,1.54,0.15,3.58,4.54,464.41,0.14,5.09,34.14,2.1,0.03,61.1,6.91,23.63,3.59,0.06,12.42,162.3,5.58,35.66,5.44,2.24,112.54,0.01,69.71,7.09,44.2,66.34,211.98,0.22,3.27,9.57,6.55,7.94,54.73,133.58,336.5,55.16,105.66,79.43,1661.01,1.17,0.01,0.24,0.49,0.07,0.21,0.23,0.14,644.49,10.76,45.67,0.57,1.1,50.1,0.7,36.18,14.64,0.29,0.99,440.01,654.54,1.46,273.48,22.17,20.31,2.43,42.35,38.23,34.47,285.74,6.88,13.51,283.35,1.91,0.14,40.3,31.68,430.62,62.96,0.35,0.01,5.41,223.29,196.49,387.37,5195.42,6.15,108.88,0.14,139.09,227.69,0.03,9.21,7.46,9.83
2018,10.19,5.2,174.46,0.5,23.28,0.13,0,0.62,182.48,5.82,0.87,414.78,66.57,34.58,2.46,32.7,86.61,1.45,62.17,100.26,0.66,5.67,0.7,1.68,22.51,0.13,22.08,7.64,476.6,0.16,9.34,43.5,5.23,0.65,13.94,9.84,575.09,0.57,0.27,2.38,84.44,10346.79,0,90.81,0.29,6.54,0.08,7.97,10.41,17.7,23.02,4.32,7.32,106.32,3.77,34.61,0.47,0.17,25.2,0.62,38.45,241.9,6.45,7.03,0.62,17.8,1.01,16.12,0.72,1.48,45.74,323.1,0.88,5.56,0.65,9.89,758.77,15.19,71.78,0.52,0.31,18.34,3.77,0.2,2.32,3.4,9.88,42.6,49.37,3.67,2595.23,607.38,664.52,186.16,38.92,59.99,349.05,8.06,1138.55,25.42,329.57,17,0.07,102.45,11.18,20.48,7.84,25.81,2.17,0.61,62.65,0.14,13.41,9.56,1.24,3.6,1.69,262.65,1.74,5.2,1.55,0.15,4.44,4.46,468.42,0.14,5.35,45.32,2.4,0.03,62.31,7.01,34.02,3.63,0.06,14.04,158.26,5.91,35.69,5.18,1.8,106.79,0.01,62.61,6.65,44.47,70.68,203.5,0.21,2.96,9.12,7.6,8.5,56.01,139.86,335.72,51.34,102.62,79.87,1709.91,1.31,0.01,0.25,0.51,0.06,0.24,0.23,0.14,652.2,11.33,44.48,0.6,1.04,50.3,0.69,36.18,14.56,0.29,1.03,453.77,670.17,1.74,268.52,20.14,20.52,2.09,41.86,36.95,31.77,284.15,8.08,14.23,288.31,2.03,0.13,40.31,31.12,423.82,61.3,0.36,0.01,5.55,231.9,204.1,379.73,5361.24,6.57,102.33,0.18,111.24,255.47,0.03,11.5,8.66,11.21
2019,10.4,4.94,182.43,0.49,22.21,0.14,0,0.64,180.43,6.28,0.83,414.93,67.95,37.75,2.52,37.62,94.81,1.39,62.17,99.8,0.77,5.27,0.59,1.56,22.61,0.14,20.81,7.49,476.72,0.18,9.56,42.2,5.62,0.69,18.63,9.61,579.01,0.63,0.31,2.3,91.98,10713.51,0,98.96,0.31,7.29,0.08,7.66,10.54,17.82,22.49,2.4,7.32,101,4.12,30.95,0.54,0.17,28.47,0.68,40.08,234.06,7.63,5.51,0.65,12.29,1.1,17.18,0.74,1.51,42.44,316.32,0.89,5.61,0.71,10.52,708.65,16.41,65.74,0.53,0.33,19.26,4.1,0.26,2.65,3.12,10.96,41.9,49.16,3.55,2611.18,665.05,727.27,191.78,37.2,58.95,339.64,9.44,1102.06,24.57,296.04,18.16,0.07,104.65,9.05,18.34,7.63,25.14,2.19,0.93,73.78,0.15,13.65,9.75,1.21,4.15,1.7,277.67,1.99,5.59,1.65,0.15,4.61,4.53,468.24,0.14,5.38,47.12,2.48,0.03,68.74,7.1,33.62,3.73,0.05,12.75,152.73,5.67,36.71,5.21,2.51,127.86,0.01,69.51,7.63,42.87,72.03,190.83,0.22,3.27,12.45,7.58,8.27,58.67,142.6,317.44,47.58,101.43,76.69,1704.46,1.41,0.01,0.26,0.5,0.07,0.22,0.26,0.15,708.34,12.71,44.45,0.59,1.12,49,0.69,33.85,14.05,0.3,1.07,470.73,646.1,1.77,250.67,21.11,22.01,2.63,40.77,36.82,33.49,274.7,8.71,16.19,281.88,2.36,0.16,40.76,30.58,406.57,62.25,0.36,0.01,5.76,222.19,204.06,364.75,5235.91,6.41,107.95,0.17,105.43,339.31,0.03,11.79,8.85,10.27
2020,11.12,4.87,171.14,0.38,16.55,0.14,0,0.62,164.61,6.79,0.82,398.55,62.18,36.24,2.05,37.43,95.73,1.26,59.12,91.25,0.65,5.54,0.44,1.21,18.32,0.13,20.83,6.19,448,0.18,11.16,36.57,5.62,0.74,20.99,9.72,524.21,0.52,0.33,2.36,80.18,10896.52,0,92.31,0.37,7.68,0.07,6.75,11.02,16.87,21.28,2.01,6.9,91.66,4.3,28.3,0.46,0.16,26.23,0.65,32.47,246.32,6.13,6.39,0.64,9.2,0.99,16.73,0.76,1.37,37.72,281.51,0.83,5.64,0.7,10.38,647.18,19.16,55.58,0.55,0.29,17.16,4.43,0.31,3.1,3.27,9.98,33.51,47.1,3.34,2422.73,623.3,745.6,172.1,35.05,59.28,302.6,6.87,1037.29,20.62,281.79,19.99,0.07,90.1,8.35,18.29,7,23.69,1.99,0.78,36.11,0.14,13.5,8.07,1.03,3.79,1.87,262.16,1.68,6.33,1.6,0.15,4.78,3.8,428.94,0.14,5.11,42.48,2.4,0.02,64.54,6.34,34.59,3.44,0.06,15.63,136.97,5.11,34.11,4.64,3.04,124.9,0.01,65.58,6.98,41.27,71.84,215.51,0.21,3.33,6.56,7.91,7.44,47.24,131.46,302.1,41.74,101.33,73.95,1631.9,1.39,0.01,0.24,0.49,0.06,0.24,0.23,0.14,653.57,10.82,45.36,0.6,1.19,46.7,0.65,31.18,12.87,0.29,1.14,435.3,597.63,1.71,211.76,20.41,19.8,2.92,36.62,34.34,32.34,272.46,9.42,15.95,271.92,2.75,0.14,35.04,28.84,416.33,62.91,0.36,0.01,5.57,207.1,215.27,326.26,4689.95,6.48,108.14,0.2,80.9,362.6,0.03,10.76,9.99,8.49
2021,9.87,5.14,182.04,0.41,19.22,0.14,0,0.63,190.2,7.35,0.86,388.47,65.75,38.3,2.73,36.27,98.53,1.19,60.86,94.93,0.69,5.81,0.52,1.46,21.77,0.14,21.27,6.68,496.56,0.18,11.71,42.37,6.33,0.77,20.77,9.73,537.48,0.59,0.37,2.67,83.63,11284.4,0,103.73,0.5,7.39,0.07,7.67,13.67,17.4,22.55,2.14,6.95,96.63,4.29,29.6,0.56,0.16,29.36,0.62,38.19,266.84,6.98,7.09,0.68,10.39,0.99,17.91,0.78,1.09,37.82,307.27,0.87,5.54,0.72,10.75,678,20.56,57.53,0.55,0.31,19.98,4.07,0.34,2.93,3.51,11.06,33.64,48.33,3.49,2675.78,632.95,779.52,193.12,37.47,58.95,335.93,7.31,1058.5,21.19,244.9,20.59,0.07,87.87,10.34,21.84,7.22,19.47,3.1,0.78,56.31,0.15,13.78,8.41,1.03,4.25,1.68,273.33,2,7.39,1.61,0.15,4.5,3.97,446.84,0.14,5.76,35.97,2.41,0.02,70.28,7.72,29.29,3.61,0.06,15.49,139.89,4.54,34.6,5.13,2.59,147.78,0.01,53.97,6.52,41.06,75.04,243.55,0.21,3.63,10.14,7.87,8.19,59.96,140.27,330.69,40.3,104.39,77.5,1674.52,1.7,0.01,0.23,0.51,0.06,0.23,0.27,0.14,695.39,12.32,43.89,0.61,1.48,50.1,0.68,35.25,13.08,0.29,1.15,439.46,616.08,1.74,228.81,20.82,19.21,2.65,38.57,35.9,32.51,283.82,9.38,17.68,267.14,2.62,0.14,36.39,31.53,457.38,91.69,0.37,0.01,6.23,210.64,212.17,342.37,5020.11,7.83,123.16,0.22,94.9,314.2,0.03,10.61,9.35,10.22
2022,10.17,4.5,192.78,0.42,21.09,0.14,0,0.64,183.77,7.7,0.89,384.08,61.45,41.17,2.96,37.83,102.15,1.31,57.12,88.92,0.72,6.09,0.53,1.55,23.49,0.15,20.74,7.4,480.06,0.19,12.24,46.93,6.54,0.88,20.86,9.79,547.66,0.6,0.38,2.8,85.74,11711.81,0,89.44,0.53,8.73,0.08,8.01,14.5,17.59,23.26,2.21,7.07,95.04,5.89,29.09,0.55,0.17,31.23,0.67,42.07,249.9,7.91,7.5,0.72,11.97,1.03,16.96,0.72,1.39,36.34,295.3,0.89,5.78,0.81,12,667.84,20.75,57.61,0.59,0.34,18.91,4.05,0.34,4.4,2.87,11.74,30.76,45.27,3.6,2831.13,758.02,767.18,217.64,36.68,62.27,340.12,7.91,1029.64,22.43,274.35,20.54,0.07,115.85,11.51,22.55,6.61,15.36,2.55,0.86,58.97,0.13,12.89,7.27,1.05,4.21,1.8,281.88,2.22,7.02,1.77,0.15,5.27,4.32,453.8,0.14,5.17,40.44,2.5,0.03,69.78,9.3,31.64,3.41,0.06,17.61,127.5,5.12,31.97,5.13,3.2,131.44,0.01,56.29,7.35,40.83,77.99,211.97,0.22,4.7,11.71,8.44,7.53,64.78,150.96,314.89,40.72,109.59,73.19,1675.46,1.96,0.01,0.25,0.52,0.05,0.25,0.24,0.14,666.99,14.13,44.46,0.63,1.44,48.93,0.69,31.59,12.73,0.28,1.27,428.78,606.88,1.63,234.22,18.38,17.53,2.83,36.34,32.95,31.42,273.99,10.52,19.7,272.57,2.74,0.15,37.49,30.79,443.6,102.06,0.37,0.01,6.13,143.04,207.1,311.12,5055.4,7.5,119.11,0.19,108.42,322.65,0.03,10.4,10.94,12.23
2023,10.52,4.42,202.85,0.42,21.68,0.14,0,0.64,178.41,7.43,0.89,384.32,56.91,42.75,2.96,38.79,104.53,1.32,55.74,84.7,0.77,5.93,0.53,1.63,24.62,0.15,19.88,7.25,483.99,0.18,12.5,34.5,6.31,0.9,21.41,9.7,545.48,0.57,0.39,2.85,77.6,12172.01,0,89.99,0.54,8.27,0.08,8.47,14.05,18.47,23.47,2.21,7.19,83.23,5.88,28.83,0.56,0.17,31.83,0.64,44.6,250.23,8.67,6.91,0.73,8.74,1.03,17.57,0.71,1.38,31.8,270.26,0.88,5.32,0.77,11.92,593.77,20.14,51.99,0.61,0.36,19.74,3.88,0.33,4.38,2.87,12.4,32.96,40.34,3.51,3062.76,762.36,789.68,227.91,33.57,55.38,312.29,8.07,986.91,23.12,286.18,21.19,0.07,123.17,11.14,24.16,6.59,15.56,2.49,0.83,64.22,0.13,12.51,6.84,1.04,4.45,1.85,276.3,2.21,6.74,1.77,0.15,5.04,4.59,458.25,0.14,5.33,44.18,2.41,0.03,68.96,9.09,31.79,3.44,0.06,18.35,117.02,5.07,31.56,5.43,3.13,129.38,0.01,62.02,7.34,38.87,79.81,186.86,0.22,4.75,13,8.36,7.65,66.06,160.98,283.24,37.62,119.54,67.87,1733.13,2.02,0.01,0.25,0.52,0.05,0.25,0.23,0.14,677.44,14.08,42.91,0.64,1.38,51.07,0.69,30.77,12.01,0.28,1.3,436.6,589.18,1.67,215.46,19.17,17.72,2.87,36.71,31.98,31.67,267.13,10.26,20.31,264.73,2.67,0.15,35.54,31.74,486.94,95.42,0.36,0.01,6.24,139.32,210.43,307.83,4918.41,7.63,122.87,0.19,119.59,347.4,0.03,10.14,11.83,13.44
2024,10.83,4.44,198.2,0.42,22.33,0.15,0,0.67,171.06,7.43,0.92,386.73,56.37,39.83,3.07,39,108.32,1.36,55.82,85.46,0.8,6.07,0.55,1.66,28.71,0.15,19.43,7.46,483.01,0.19,12.05,31.62,6.51,0.92,21.88,9.63,533.34,0.59,0.4,2.83,78.73,12289.04,0,92.66,0.55,8.84,0.08,8.76,14.83,18.46,24.44,2.29,7.3,75.62,5.9,28.37,0.56,0.17,33.13,0.67,45.98,258.37,8.97,7.01,0.74,8.31,1.04,17.84,0.72,1.45,29.77,264.16,0.92,5.4,0.8,11.78,572.32,21.02,53.36,0.62,0.38,19.88,4.03,0.34,4.51,2.97,12.86,33.32,40.02,3.8,3193.48,812.22,792.63,233.63,33.31,52.64,301.93,8.4,961.87,23.22,287.01,21.23,0.07,129.52,11.77,24.4,6.46,15.65,2.57,0.86,65.26,0.13,12.54,7.04,1.06,4.53,1.88,290.22,2.31,6.98,1.73,0.15,5.24,4.67,460.99,0.15,5.33,44.69,2.38,0.03,69.06,8.61,31.6,3.47,0.06,18.78,114.78,5.29,32.48,5.63,3.17,135.82,0.01,62.55,6.62,37.18,82.66,179.8,0.23,4.78,12.66,8.35,7.94,70.25,174.88,272.86,35.54,125.81,68.55,1780.52,2.03,0.01,0.26,0.54,0.06,0.26,0.25,0.14,692.13,14.09,42.02,0.65,1.43,53.92,0.72,29.09,12.75,0.29,1.32,439.83,583.68,1.7,220.34,20.83,17.8,2.99,38.1,32.07,31.78,262.35,10.74,20.02,267.76,2.75,0.15,34.58,32.66,513.03,81.01,0.38,0.01,6.33,142.5,221.99,312.91,4904.12,7.97,139.23,0.2,116.04,370.93,0.03,10.12,12.04,13.7